jumper Laptop, 12th Quad-Core Intel N100(Up to 3.4G), 16GB DDR5 512GB SSD, Laptops Computer with 16" FHD IPS Screen(1920X1200), 38Wh Battery, Cooling System, 2.4G/5G WiFi, BT4.0, Type-C, HD Webcam.
 ,$379
99
Ships to India

ASUS Vivobook Go 12 L210 11.6” ultra-thin laptop, 2022 version, Intel Celeron N4020, 4GB RAM, 64GB eMMC, Win 11 Home in S mode with One Year of Office 365 Personal, L210MA-DS02
 ,$169
99
Delivery Wed, Feb 21
Ships to India

IdeaPad 1 15.6" FHD Laptop, 12th Gen Intel Core i3-1215U 6-Core Processor, 16GB DDR4 Memory, 1TB PCIe SSD, SD Card Reader, HDMI, Webcam, Wi-Fi & Bluetooth, Windows 11 Pro, Blue
 ,$399
00
Ships to India

Laptop Computer, 16GB DDR4 512GB SSD, Quad-Core Intel N95 Processor, Windows 11 Laptop, 15.6" IPS 1080P PC, Metal Shell, WiFi, BT5.0, USB3.2, Type_C, Long Battery Life, 180° Open Angle
 ,$359
99
Ships to India

Newest 14" Ultral Light Laptop for Students and Business, Intel Quad-Core N4120, 16GB RAM, 128GB Storage(64GB eMMC+64GB Ghost Manta SD), 1 Year Office 365, Webcam, HDMI, WiFi, USB-A&C, Win 11 S
 ,$267
20
400+ bought in past month

Laptop Computer, 15.6" Laptop, 8GB DDR4 256GB SSD, Intel Celeron Quad-Core Processors, Laptop Computers with 1366 * 768 IPS, Large Battery Capacity, WiFi, Bluetooth, Type-C, TF Card
 ,$199
99
50+ bought in past month

Newest 14" Ultral Light Laptop for Students and Business, Intel Quad-Core N4120, 16GB RAM, 128GB Storage(64GB eMMC+64GB Ghost Manta SD), 1 Year Office 365, Webcam, HDMI, WiFi, USB-A&C, Win 11 S
 ,$267
20
None

Laptop Computer, 15.6" Laptop, 8GB DDR4 256GB SSD, Intel Celeron Quad-Core Processors, Laptop Computers with 1366 * 768 IPS, Large Battery Capacity, WiFi, Bluetooth, Type-C, TF Card
 ,$199
99
None

